<?xml version="1.0" encoding="UTF-8"?>
<project-private xmlns="http://www.netbeans.org/ns/project-private/1">
    <editor-bookmarks xmlns="http://www.netbeans.org/ns/editor-bookmarks/2" lastBookmarkId="0"/>
    <open-files xmlns="http://www.netbeans.org/ns/projectui-open-files/2">
        <group>
            <file>file:/E:/Netbeans%20_project/N_%20traveller/web/updateDriver.jsp</file>
            <file>file:/E:/Netbeans%20_project/N_%20traveller/src/java/com/kulchuri/DriverAdd/DriverServlet.java</file>
            <file>file:/E:/Netbeans%20_project/N_%20traveller/web/viewAllRoute.jsp</file>
            <file>file:/E:/Netbeans%20_project/N_%20traveller/src/java/com/kulchuri/DriverAdd/DriverDao.java</file>
            <file>file:/E:/Netbeans%20_project/N_%20traveller/src/java/com/kulchuri/addRoot/AddRouteServlet.java</file>
            <file>file:/E:/Netbeans%20_project/N_%20traveller/web/updateRoute.jsp</file>
            <file>file:/E:/Netbeans%20_project/N_%20traveller/src/java/com/kulchuri/addRoot/AddRouteDao.java</file>
        </group>
    </open-files>
</project-private>
